<?xml version="1.0" encoding="UTF-8" ?>
<!DOCTYPE sqlMap PUBLIC "-//ibatis.apache.org//DTD SQL Map 2.0//EN" "http://ibatis.apache.org/dtd/sql-map-2.dtd" >
<sqlMap namespace="ACCOUNTMESSAGE" >
	<typeAlias alias="accountMessageAlias" type="com.mall.butler.account.model.AccountMessage"/>
	<resultMap id="accountMessageResultMap" class="accountMessageAlias" >
    	<result column="ID" property="id"/>
    	<result column="ACCOUNT_ID" property="accountId"/>
    	<result column="ACCOUNT_NAME" property="accountName"/>
    	<result column="TITLE" property="title"/>
    	<result column="TYPE" property="type"/>
    	<result column="SENDER_ID" property="senderId"/>
    	<result column="CONTENT" property="content"/>
    	<result column="SENDER_NAME" property="senderName"/>
    	<result column="READ_FLAG" property="readFlag"/>
    	<result column="CREATE_TIME" property="createTime"/>
    	<result column="MODIFIED_TIME" property="modifiedTime"/>
    	<result column="DELETED" property="deleted"/>
	</resultMap>
	<sql id="ALL_SQL_M">
		<isNotEmpty prepend="and" property="accountId" >
			ACCOUNT_ID = #accountId#
		</isNotEmpty>
		<isNotEmpty prepend="and" property="accountName" >
			ACCOUNT_NAME = #accountName#
		</isNotEmpty>
		<isNotEmpty prepend="and" property="title" >
			TITLE = #title#
		</isNotEmpty>
		<isNotEmpty prepend="and" property="type" >
			TYPE = #type#
		</isNotEmpty>
		<isNotEmpty prepend="and" property="senderId" >
			SENDER_ID = #senderId#
		</isNotEmpty>
		<isNotEmpty prepend="and" property="content" >
			CONTENT = #content#
		</isNotEmpty>
		<isNotEmpty prepend="and" property="senderName" >
			SENDER_NAME = #senderName#
		</isNotEmpty>
		<isNotEmpty prepend="and" property="readFlag" >
			READ_FLAG = #readFlag#
		</isNotEmpty>
		<isNotEmpty prepend="and" property="begCreateDate">
		<![CDATA[
			create_time > #begCreateDate#
			]]>
		</isNotEmpty>
		<isNotEmpty prepend="and" property="endCreateDate">
		<![CDATA[
			create_time < dateadd(d,1,#endCreateDate#)
			]]>
		</isNotEmpty>
	</sql>
	<sql id="SQL_BULK_DELETE">
		<isNotEmpty prepend="and" property="messageIds">
			ID IN
			<iterate property="messageIds" open="(" close=")"
				conjunction=",">
				<![CDATA[
                    	#messageIds[]#   
            		]]>
			</iterate>
		</isNotEmpty>
	</sql>
	<select id="SELECT_PAGE_M" parameterClass="java.util.Map" resultMap="accountMessageResultMap">
		select * from ACCOUNT_MESSAGE where 1=1 and deleted=0
		<include refid="ALL_SQL_M"/>
		order by create_time desc
	</select>
	  
	<select id="SELECT_COUNT_PAGE_M" parameterClass="java.util.Map" resultClass="Integer">
		select count(*) as totalCount from ACCOUNT_MESSAGE where 1=1 and deleted=0
		<include refid="ALL_SQL_M"/>
	</select>
  <!-- 批量删除 -->
	<delete id="DELETE_BY_BULK_PK" parameterClass="java.util.Map">
		delete from ACCOUNT_MESSAGE
		where 1=1
		<include refid="SQL_BULK_DELETE" />
	</delete>
	
</sqlMap>