<?xml version="1.0" encoding="UTF-8" ?>
<!DOCTYPE sqlMap PUBLIC "-//ibatis.apache.org//DTD SQL Map 2.0//EN" "http://ibatis.apache.org/dtd/sql-map-2.dtd" >
<sqlMap namespace="ELECTRONICCOUP" >
	
		<sql id="SQL_BULK_DELETE">
		<isNotEmpty prepend="and" property="messageIds">
			ID IN
			<iterate property="messageIds" open="(" close=")"
				conjunction=",">
				<![CDATA[
                    	#messageIds[]#   
            		]]>
			</iterate>
		</isNotEmpty>
	</sql>
	
	
	 <!-- 批量删除 -->
	<delete id="DELETE_BY_BULK_PK" parameterClass="java.util.Map">
		delete from ELECTRONIC_COUP
		where 1=1 and audit_Syatus=1
		<include refid="SQL_BULK_DELETE" />
	</delete>
		
	 <!-- 批量启用 -->
	<update id="UPDATE_BY_BULK_PK" parameterClass="java.util.Map">
		update  ELECTRONIC_COUP 
		
		set 	MODIFIED_TIME = SYSDATE
		<dynamic>
			<isNotNull prepend="," property="status" >
					STATUS=#status#
			</isNotNull>
			<isNotNull prepend="," property="deleted" >
					DELETED=#deleted#
			</isNotNull>
			<isNotNull prepend="," property="auditStatus" >
					AUDIT_SYATUS=#auditStatus#
			</isNotNull>
			<isNotNull prepend="," property="auditRemark" >
					AUDIT_REMARK=#auditRemark#
			</isNotNull>
			<isNotNull prepend="," property="auditName" >
					AUDIT_NAME=#auditName#
			</isNotNull>
				<isNotNull prepend="," property="rechgeTime" >
					RECHGE_TIME=#rechgeTime#
			</isNotNull>
		</dynamic>
		where 1=1
		<include refid="SQL_BULK_DELETE" />
	</update>
	
</sqlMap>