<?xml version="1.0" encoding="UTF-8" ?>
<!DOCTYPE sqlMap PUBLIC "-//ibatis.apache.org//DTD SQL Map 2.0//EN" "http://ibatis.apache.org/dtd/sql-map-2.dtd" >
<sqlMap namespace="POINTCHANGEDETAL">
	<resultMap id="pointChangeDetalResultMapVo" extends="pointChangeDetalResultMap"
		class="com.mall.butler.point.m.model.PointChangeDetalExtendDetail">
		<result column="ACC_NAME" property="accName" />
		<result column="CUT_POINT" property="cutPoint" />
		<result column="ADD_POINT" property="addPoint" />
	</resultMap>
	<resultMap id="pointChangeDetalResultMapCount"
		class="com.mall.butler.point.m.model.PointChangeDetalExtendDetail">
		<result column="CUT_POINT" property="cutPoint" />
		<result column="ADD_POINT" property="addPoint" />
		<result column="TIME_DATE" property="timeDate" />
	</resultMap>
	<sql id="ALL_SQL_M">
		<isNotEmpty prepend="and" property="accountId">
			pointDetail.ACCOUNT_ID =
			#accountId#
		</isNotEmpty>
		<isNotEmpty prepend="and" property="opType">
			pointDetail.OP_TYPE =
			#opType#
		</isNotEmpty>
		<isNotEmpty prepend="and" property="orderNo">
			pointDetail.ORDER_NO =
			#orderNo#
		</isNotEmpty>
		<isNotEmpty prepend="and" property="point">
			pointDetail.POINT =
			#point#
		</isNotEmpty>
		<isNotEmpty prepend="and" property="leftPoint">
			pointDetail.LEFT_POINT =
			#leftPoint#
		</isNotEmpty>
		<isNotEmpty prepend="and" property="remark">
			pointDetail.REMARK =
			#remark#
		</isNotEmpty>
		<isNotEmpty prepend="and" property="loginId">
			pointDetail.LOGIN_ID =
			#loginId#
		</isNotEmpty>
		<isNotEmpty prepend="and" property="loginName">
			pointDetail.LOGIN_NAME =
			#loginName#
		</isNotEmpty>
		<isNotEmpty prepend="and" property="begCreateDate">
		<![CDATA[
			pointDetail.create_time > #begCreateDate#
			]]>
		</isNotEmpty>
		<isNotEmpty prepend="and" property="endCreateDate">
		<![CDATA[
			pointDetail.create_time < #endCreateDate#
			]]>
		</isNotEmpty>
		<isNotEmpty prepend="and" property="accName">
			exists (select * from
			account_info where acc_name like #accName# and
			account_info.id=pointDetail.account_id)
		</isNotEmpty>
	</sql>
	<sql id="ALL_SQL_COUNT">
		<isNotEmpty prepend="and" property="opType">
			OP_TYPE =
			#opType#
		</isNotEmpty>
		<isNotEmpty prepend="and" property="begCreateDate">
		<![CDATA[
			CREATE_TIME > #begCreateDate#
			]]>
		</isNotEmpty>
		<isNotEmpty prepend="and" property="endCreateDate">
		<![CDATA[
			CREATE_TIME < #endCreateDate#
			]]>
		</isNotEmpty>
	</sql>
	<select id="SELECT_BY_POINTDETAIL_PAGE" parameterClass="java.util.Map"
		resultMap="pointChangeDetalResultMapVo">
		select pointDetail.*,accountInfo.acc_Name as ACC_NAME,
		0 CUT_POINT,
		0
		ADD_POINT
		from POINT_CHANGE_DETAL pointDetail,
		ACCOUNT_INFO accountInfo
		where
		pointDetail.ACCOUNT_ID=accountInfo.ID
		and pointDetail.deleted=0
		<include refid="ALL_SQL_M" />
		order by pointDetail.CREATE_TIME desc
	</select>

	<select id="SELECT_COUNT_BY_POINTDETAIL_PAGE" parameterClass="java.util.Map"
		resultClass="Integer">
		select COUNT(pointDetail.ID) from POINT_CHANGE_DETAL pointDetail,
		ACCOUNT_INFO accountInfo where
		pointDetail.ACCOUNT_ID=accountInfo.ID
		and pointDetail.deleted=0
		<include refid="ALL_SQL_M" />
	</select>

	<select id="SELECT_BY_COUNTDETAL_PAGE" parameterClass="java.util.Map"
		resultMap="pointChangeDetalResultMapCount">
		select sum(case when OP_TYPE in (0,1) then POINT else
		0 end) as
		ADD_POINT,
		SUM(case when
		OP_TYPE=2 then POINT else 0 end) as
		CUT_POINT,
		to_char(CREATE_TIME, 'yyyy-mm-dd') AS TIME_DATE
		from
		POINT_CHANGE_DETAL
		where deleted=0
		<include refid="ALL_SQL_COUNT" />
		group by to_char(CREATE_TIME, 'yyyy-mm-dd')
		order by
		TIME_DATE desc
	</select>

	<select id="SELECT_COUNT_BY_COUNTDETAL_PAGE" parameterClass="java.util.Map"
		resultClass="Integer">
		select COUNT(xx)
		from(select to_char(CREATE_TIME, 'yyyy-mm-dd') AS
		xx
		from
		POINT_CHANGE_DETAL 
		where deleted=0
		<include refid="ALL_SQL_COUNT" />
		group by to_char(CREATE_TIME, 'yyyy-mm-dd') )t
	</select>
	<!-- 统计集合 -->
	<select id="SELECT_BY_COUNTDETAL_LIST" parameterClass="java.util.Map"
		resultMap="pointChangeDetalResultMapCount">
		select sum(case when OP_TYPE in (0,1) then POINT else
		0 end) as
		ADD_POINT,
		SUM(case when
		OP_TYPE=2 then POINT else 0 end) as
		CUT_POINT,
		to_date(CREATE_TIME, 'yyyy-mm-dd') AS TIME_DATE
		from
		POINT_CHANGE_DETAL
		where deleted=0
		<include refid="ALL_SQL_COUNT" />
		group by to_date(CREATE_TIME, 'yyyy-mm-dd')
		order by
		to_date(CREATE_TIME, 'yyyy-mm-dd') desc
	</select>
	<!-- 合计 -->
	<select id="SELECT_BY_POINT_TOTAL" parameterClass="java.util.Map"
		resultClass="java.util.HashMap">
		select sum(case when OP_TYPE in (0,1) then POINT else
		0 end) as
		ADD_POINT,
		SUM(case when
		OP_TYPE=2 then point else 0 end) as
		CUT_POINT
		from POINT_CHANGE_DETAL where deleted=0
		<include refid="ALL_SQL_COUNT" />
	</select>
</sqlMap>