<?xml version="1.0" encoding="UTF-8" ?>
<!DOCTYPE sqlMap PUBLIC "-//ibatis.apache.org//DTD SQL Map 2.0//EN" "http://ibatis.apache.org/dtd/sql-map-2.dtd" >
<sqlMap namespace="ACCOUNTMESSAGE" >
	<typeAlias alias="accountMessageAlias" type="com.mall.butler.account.model.AccountMessage"/>
	<resultMap id="accountMessageResultMap" class="accountMessageAlias" >
    	<result column="ID" property="id"/>
    	<result column="ACCOUNT_ID" property="accountId"/>
    	<result column="ACCOUNT_NAME" property="accountName"/>
    	<result column="TITLE" property="title"/>
    	<result column="TYPE" property="type"/>
    	<result column="SENDER_ID" property="senderId"/>
    	<result column="CONTENT" property="content"/>
    	<result column="SENDER_NAME" property="senderName"/>
    	<result column="READ_FLAG" property="readFlag"/>
    	<result column="CREATE_TIME" property="createTime"/>
    	<result column="MODIFIED_TIME" property="modifiedTime"/>
    	<result column="DELETED" property="deleted"/>
	</resultMap>
	
	<sql id="ALL_SQL">
		<isNotEmpty prepend="and" property="accountId" >
			ACCOUNT_ID = #accountId#
		</isNotEmpty>
		<isNotEmpty prepend="and" property="accountName" >
			ACCOUNT_NAME = #accountName#
		</isNotEmpty>
		<isNotEmpty prepend="and" property="title" >
			TITLE = #title#
		</isNotEmpty>
		<isNotEmpty prepend="and" property="type" >
			TYPE = #type#
		</isNotEmpty>
		<isNotEmpty prepend="and" property="senderId" >
			SENDER_ID = #senderId#
		</isNotEmpty>
		<isNotEmpty prepend="and" property="content" >
			CONTENT = #content#
		</isNotEmpty>
		<isNotEmpty prepend="and" property="senderName" >
			SENDER_NAME = #senderName#
		</isNotEmpty>
		<isNotEmpty prepend="and" property="readFlag" >
			READ_FLAG = #readFlag#
		</isNotEmpty>
	</sql>
	
	<select id="SELECT_PAGE" parameterClass="java.util.Map" resultMap="accountMessageResultMap">
		select * from ACCOUNT_MESSAGE where 1=1 and deleted=0
		<include refid="ALL_SQL"/>
		order by create_time desc
	</select>
	  
	<select id="SELECT_COUNT_PAGE" parameterClass="accountMessageAlias" resultClass="Integer">
		select count(*) as totalCount from ACCOUNT_MESSAGE where 1=1 and deleted=0
		<include refid="ALL_SQL"/>
	</select>
  
	<select id="SELECT_BY_ALL" resultMap="accountMessageResultMap" parameterClass="accountMessageAlias">
  	select * from ACCOUNT_MESSAGE
	where deleted=0
		<include refid="ALL_SQL"/>
		order by create_time desc
	</select>
	
	<select id="SELECT_BY_PK" resultMap="accountMessageResultMap" parameterClass="accountMessageAlias" >
		select *
		from ACCOUNT_MESSAGE
		where ID = #id#
	</select>
	
	<delete id="DELETED_BY_PK" parameterClass="accountMessageAlias" >
		delete from ACCOUNT_MESSAGE
		where ID = #id# and MODIFIED_TIME=#modifiedTime#
	</delete>
	
	<insert id="INSERT" parameterClass="accountMessageAlias" >
		insert into ACCOUNT_MESSAGE
		<dynamic prepend="(" >
			<isNotNull prepend="," property="id" >
				ID
			</isNotNull>
			<isNotNull prepend="," property="accountId" >
				ACCOUNT_ID
			</isNotNull>
			<isNotNull prepend="," property="accountName" >
				ACCOUNT_NAME
			</isNotNull>
			<isNotNull prepend="," property="title" >
				TITLE
			</isNotNull>
			<isNotNull prepend="," property="type" >
				TYPE
			</isNotNull>
			<isNotNull prepend="," property="senderId" >
				SENDER_ID
			</isNotNull>
			<isNotNull prepend="," property="content" >
				CONTENT
			</isNotNull>
			<isNotNull prepend="," property="senderName" >
				SENDER_NAME
			</isNotNull>
			<isNotNull prepend="," property="readFlag" >
				READ_FLAG
			</isNotNull>
			<isNotNull prepend="," property="createTime" >
				CREATE_TIME
			</isNotNull>
			<isNotNull prepend="," property="modifiedTime" >
				MODIFIED_TIME
			</isNotNull>
			<isNotNull prepend="," property="deleted" >
				DELETED
			</isNotNull>
			)
		</dynamic>
		values
		<dynamic prepend="(">
			<isNotNull prepend="," property="id" >
				#id#
			</isNotNull>
			<isNotNull prepend="," property="accountId" >
				#accountId#
			</isNotNull>
			<isNotNull prepend="," property="accountName" >
				#accountName#
			</isNotNull>
			<isNotNull prepend="," property="title" >
				#title#
			</isNotNull>
			<isNotNull prepend="," property="type" >
				#type#
			</isNotNull>
			<isNotNull prepend="," property="senderId" >
				#senderId#
			</isNotNull>
			<isNotNull prepend="," property="content" >
				#content#
			</isNotNull>
			<isNotNull prepend="," property="senderName" >
				#senderName#
			</isNotNull>
			<isNotNull prepend="," property="readFlag" >
				#readFlag#
			</isNotNull>
			<isNotNull prepend="," property="createTime" >
				#createTime#
			</isNotNull>
			<isNotNull prepend="," property="modifiedTime" >
				#modifiedTime#
			</isNotNull>
			<isNotNull prepend="," property="deleted" >
				#deleted#
			</isNotNull>
			)
		</dynamic>
	</insert>
	
	<update id="UPDATE_BY_PK" parameterClass="accountMessageAlias" >
		update ACCOUNT_MESSAGE
		set 
		ACCOUNT_ID = #accountId#,
		ACCOUNT_NAME = #accountName#,
		TITLE = #title#,
		TYPE = #type#,
		SENDER_ID = #senderId#,
		CONTENT = #content#,
		SENDER_NAME = #senderName#,
		READ_FLAG = #readFlag#,
		CREATE_TIME = #createTime#,
		DELETED = #deleted#,
		MODIFIED_TIME = #now#
		where ID = #id# and MODIFIED_TIME=#modifiedTime#
	</update>
	
	<select id="SELECT_SEQ" resultClass="Long">
		select SEQ_ACCOUNT_MESSAGE.nextval from dual
	</select>
</sqlMap>