<?xml version="1.0" encoding="UTF-8" ?>
<!DOCTYPE sqlMap PUBLIC "-//ibatis.apache.org//DTD SQL Map 2.0//EN" "http://ibatis.apache.org/dtd/sql-map-2.dtd" >
<sqlMap namespace="RECHAGECARDORDER" >
	<typeAlias alias="rechageCardOrderAlias" type="com.mall.butler.account.model.RechageCardOrder"/>
	<resultMap id="rechageCardOrderResultMap" class="rechageCardOrderAlias" >
    	<result column="ID" property="id"/>
    	<result column="CARD_NAME" property="cardName"/>
    	<result column="CARD_CODE" property="cardCode"/>
    	<result column="LEFT_VALUE" property="leftValue"/>
    	<result column="ACCOUNT_ID" property="accountId"/>
    	<result column="ACCOUNT_NAME" property="accountName"/>
    	<result column="LOGIN_ID" property="loginId"/>
    	<result column="LOGIN_NAME" property="loginName"/>
    	<result column="ORDER_NO" property="orderNo"/>
    	<result column="REMARK" property="remark"/>
    	<result column="CREATE_TIME" property="createTime"/>
    	<result column="MODIFIED_TIME" property="modifiedTime"/>
    	<result column="DELETED" property="deleted"/>
	</resultMap>
	
	<sql id="ALL_SQL">
		<isNotEmpty prepend="and" property="cardName" >
			CARD_NAME = #cardName#
		</isNotEmpty>
		<isNotEmpty prepend="and" property="cardCode" >
			CARD_CODE = #cardCode#
		</isNotEmpty>
		<isNotEmpty prepend="and" property="leftValue" >
			LEFT_VALUE = #leftValue#
		</isNotEmpty>
		<isNotEmpty prepend="and" property="accountId" >
			ACCOUNT_ID = #accountId#
		</isNotEmpty>
		<isNotEmpty prepend="and" property="accountName" >
			ACCOUNT_NAME = #accountName#
		</isNotEmpty>
		<isNotEmpty prepend="and" property="loginId" >
			LOGIN_ID = #loginId#
		</isNotEmpty>
		<isNotEmpty prepend="and" property="loginName" >
			LOGIN_NAME = #loginName#
		</isNotEmpty>
		<isNotEmpty prepend="and" property="orderNo" >
			ORDER_NO = #orderNo#
		</isNotEmpty>
		<isNotEmpty prepend="and" property="remark" >
			REMARK = #remark#
		</isNotEmpty>
	</sql>
	
	<select id="SELECT_PAGE" parameterClass="java.util.Map" resultMap="rechageCardOrderResultMap">
		select * from RECHAGE_CARD_ORDER where 1=1 and deleted=0
		<include refid="ALL_SQL"/>
		order by create_time desc
	</select>
	  
	<select id="SELECT_COUNT_PAGE" parameterClass="rechageCardOrderAlias" resultClass="Integer">
		select count(*) as totalCount from RECHAGE_CARD_ORDER where 1=1 and deleted=0
		<include refid="ALL_SQL"/>
	</select>
  
	<select id="SELECT_BY_ALL" resultMap="rechageCardOrderResultMap" parameterClass="rechageCardOrderAlias">
  	select * from RECHAGE_CARD_ORDER
	where deleted=0
		<include refid="ALL_SQL"/>
		order by create_time desc
	</select>
	
	<select id="SELECT_BY_PK" resultMap="rechageCardOrderResultMap" parameterClass="rechageCardOrderAlias" >
		select *
		from RECHAGE_CARD_ORDER
		where ID = #id#
	</select>
	
	<delete id="DELETE_BY_PK" parameterClass="rechageCardOrderAlias" >
		delete from RECHAGE_CARD_ORDER
		where ID = #id# and MODIFIED_TIME=#modifiedTime#
	</delete>
	
	<insert id="INSERT" parameterClass="rechageCardOrderAlias" >
		insert into RECHAGE_CARD_ORDER
		<dynamic prepend="(" >
			<isNotNull prepend="," property="id" >
				ID
			</isNotNull>
			<isNotNull prepend="," property="cardName" >
				CARD_NAME
			</isNotNull>
			<isNotNull prepend="," property="cardCode" >
				CARD_CODE
			</isNotNull>
			<isNotNull prepend="," property="leftValue" >
				LEFT_VALUE
			</isNotNull>
			<isNotNull prepend="," property="accountId" >
				ACCOUNT_ID
			</isNotNull>
			<isNotNull prepend="," property="accountName" >
				ACCOUNT_NAME
			</isNotNull>
			<isNotNull prepend="," property="loginId" >
				LOGIN_ID
			</isNotNull>
			<isNotNull prepend="," property="loginName" >
				LOGIN_NAME
			</isNotNull>
			<isNotNull prepend="," property="orderNo" >
				ORDER_NO
			</isNotNull>
			<isNotNull prepend="," property="remark" >
				REMARK
			</isNotNull>
			<isNotNull prepend="," property="createTime" >
				CREATE_TIME
			</isNotNull>
			<isNotNull prepend="," property="modifiedTime" >
				MODIFIED_TIME
			</isNotNull>
			<isNotNull prepend="," property="deleted" >
				DELETED
			</isNotNull>
			)
		</dynamic>
		values
		<dynamic prepend="(">
			<isNotNull prepend="," property="id" >
				#id#
			</isNotNull>
			<isNotNull prepend="," property="cardName" >
				#cardName#
			</isNotNull>
			<isNotNull prepend="," property="cardCode" >
				#cardCode#
			</isNotNull>
			<isNotNull prepend="," property="leftValue" >
				#leftValue#
			</isNotNull>
			<isNotNull prepend="," property="accountId" >
				#accountId#
			</isNotNull>
			<isNotNull prepend="," property="accountName" >
				#accountName#
			</isNotNull>
			<isNotNull prepend="," property="loginId" >
				#loginId#
			</isNotNull>
			<isNotNull prepend="," property="loginName" >
				#loginName#
			</isNotNull>
			<isNotNull prepend="," property="orderNo" >
				#orderNo#
			</isNotNull>
			<isNotNull prepend="," property="remark" >
				#remark#
			</isNotNull>
			<isNotNull prepend="," property="createTime" >
				#createTime#
			</isNotNull>
			<isNotNull prepend="," property="modifiedTime" >
				#modifiedTime#
			</isNotNull>
			<isNotNull prepend="," property="deleted" >
				#deleted#
			</isNotNull>
			)
		</dynamic>
	</insert>
	
	<update id="UPDATE_BY_PK" parameterClass="rechageCardOrderAlias" >
		update RECHAGE_CARD_ORDER
		set 
		CARD_NAME = #cardName#,
		CARD_CODE = #cardCode#,
		LEFT_VALUE = #leftValue#,
		ACCOUNT_ID = #accountId#,
		ACCOUNT_NAME = #accountName#,
		LOGIN_ID = #loginId#,
		LOGIN_NAME = #loginName#,
		ORDER_NO = #orderNo#,
		REMARK = #remark#,
		CREATE_TIME = #createTime#,
		DELETED = #deleted#,
		MODIFIED_TIME = #now#
		where ID = #id# and MODIFIED_TIME=#modifiedTime#
	</update>
	
	<select id="SELECT_SEQ" resultClass="Long">
		select SEQ_RECHAGE_CARD_ORDER.nextval from dual
	</select>
</sqlMap>