<?xml version="1.0" encoding="UTF-8" ?>
<!DOCTYPE sqlMap PUBLIC "-//ibatis.apache.org//DTD SQL Map 2.0//EN" "http://ibatis.apache.org/dtd/sql-map-2.dtd" >
<sqlMap namespace="SYSOPTLOG" >
	<typeAlias alias="sysOptLogAlias" type="com.mall.butler.sys.model.SysOptLog"/>
	<resultMap id="sysOptLogResultMap" class="sysOptLogAlias" >
    	<result column="ID" property="id"/>
    	<result column="LOG_TYPE" property="logType"/>
    	<result column="ACCOUNT_ID" property="accountId"/>
    	<result column="LOGIN_ID" property="loginId"/>
    	<result column="ACCOUNT_TYPE" property="accountType"/>
    	<result column="TITLE" property="title"/>
    	<result column="CONTENT" property="content"/>
    	<result column="LOG_TIME" property="logTime"/>
    	<result column="OPT_TYPE" property="optType"/>
    	<result column="LOG_LEVEL" property="logLevel"/>
    	<result column="OPT_IP" property="optIp"/>
    	<result column="CREATE_TIME" property="createTime"/>
    	<result column="MODIFIED_TIME" property="modifiedTime"/>
    	<result column="DELETED" property="deleted"/>
	</resultMap>
	
	<sql id="ALL_SQL">
		<isNotEmpty prepend="and" property="logType" >
			LOG_TYPE = #logType#
		</isNotEmpty>
		<isNotEmpty prepend="and" property="accountId" >
			ACCOUNT_ID = #accountId#
		</isNotEmpty>
		<isNotEmpty prepend="and" property="loginId" >
			LOGIN_ID = #loginId#
		</isNotEmpty>
		<isNotEmpty prepend="and" property="accountType" >
			ACCOUNT_TYPE = #accountType#
		</isNotEmpty>
		<isNotEmpty prepend="and" property="title" >
			TITLE = #title#
		</isNotEmpty>
		<isNotEmpty prepend="and" property="content" >
			CONTENT = #content#
		</isNotEmpty>
		<isNotEmpty prepend="and" property="logTime" >
			to_char(LOG_TIME,'yyyy-mm-dd') = to_char(#logTime#,'yyyy-mm-dd')
		</isNotEmpty>
		<isNotEmpty prepend="and" property="optType" >
			OPT_TYPE = #optType#
		</isNotEmpty>
		<isNotEmpty prepend="and" property="logLevel" >
			LOG_LEVEL = #logLevel#
		</isNotEmpty>
		<isNotEmpty prepend="and" property="optIp" >
			OPT_IP = #optIp#
		</isNotEmpty>
	</sql>
	
	<select id="SELECT_PAGE" parameterClass="java.util.Map" resultMap="sysOptLogResultMap">
		select * from SYS_OPT_LOG where 1=1 and deleted=0
		<include refid="ALL_SQL"/>
		order by create_time desc
	</select>
	  
	<select id="SELECT_COUNT_PAGE" parameterClass="sysOptLogAlias" resultClass="Integer">
		select count(*) as totalCount from SYS_OPT_LOG where 1=1 and deleted=0
		<include refid="ALL_SQL"/>
	</select>
  
	<select id="SELECT_BY_ALL" resultMap="sysOptLogResultMap" parameterClass="sysOptLogAlias">
  	select * from SYS_OPT_LOG
	where deleted=0
		<include refid="ALL_SQL"/>
		order by create_time desc
	</select>
	
	<select id="SELECT_BY_PK" resultMap="sysOptLogResultMap" parameterClass="sysOptLogAlias" >
		select *
		from SYS_OPT_LOG
		where ID = #id#
	</select>
	
	<delete id="DELETE_BY_PK" parameterClass="sysOptLogAlias" >
		delete from SYS_OPT_LOG
		where ID = #id# and MODIFIED_TIME=#modifiedTime#
	</delete>
	
	<insert id="INSERT" parameterClass="sysOptLogAlias" >
		insert into SYS_OPT_LOG
		<dynamic prepend="(" >
			<isNotNull prepend="," property="id" >
				ID
			</isNotNull>
			<isNotNull prepend="," property="logType" >
				LOG_TYPE
			</isNotNull>
			<isNotNull prepend="," property="accountId" >
				ACCOUNT_ID
			</isNotNull>
			<isNotNull prepend="," property="loginId" >
				LOGIN_ID
			</isNotNull>
			<isNotNull prepend="," property="accountType" >
				ACCOUNT_TYPE
			</isNotNull>
			<isNotNull prepend="," property="title" >
				TITLE
			</isNotNull>
			<isNotNull prepend="," property="content" >
				CONTENT
			</isNotNull>
			<isNotNull prepend="," property="logTime" >
				LOG_TIME
			</isNotNull>
			<isNotNull prepend="," property="optType" >
				OPT_TYPE
			</isNotNull>
			<isNotNull prepend="," property="logLevel" >
				LOG_LEVEL
			</isNotNull>
			<isNotNull prepend="," property="optIp" >
				OPT_IP
			</isNotNull>
			<isNotNull prepend="," property="createTime" >
				CREATE_TIME
			</isNotNull>
			<isNotNull prepend="," property="modifiedTime" >
				MODIFIED_TIME
			</isNotNull>
			<isNotNull prepend="," property="deleted" >
				DELETED
			</isNotNull>
			)
		</dynamic>
		values
		<dynamic prepend="(">
			<isNotNull prepend="," property="id" >
				#id#
			</isNotNull>
			<isNotNull prepend="," property="logType" >
				#logType#
			</isNotNull>
			<isNotNull prepend="," property="accountId" >
				#accountId#
			</isNotNull>
			<isNotNull prepend="," property="loginId" >
				#loginId#
			</isNotNull>
			<isNotNull prepend="," property="accountType" >
				#accountType#
			</isNotNull>
			<isNotNull prepend="," property="title" >
				#title#
			</isNotNull>
			<isNotNull prepend="," property="content" >
				#content#
			</isNotNull>
			<isNotNull prepend="," property="logTime" >
				#logTime#
			</isNotNull>
			<isNotNull prepend="," property="optType" >
				#optType#
			</isNotNull>
			<isNotNull prepend="," property="logLevel" >
				#logLevel#
			</isNotNull>
			<isNotNull prepend="," property="optIp" >
				#optIp#
			</isNotNull>
			<isNotNull prepend="," property="createTime" >
				#createTime#
			</isNotNull>
			<isNotNull prepend="," property="modifiedTime" >
				#modifiedTime#
			</isNotNull>
			<isNotNull prepend="," property="deleted" >
				#deleted#
			</isNotNull>
			)
		</dynamic>
	</insert>
	
	<update id="UPDATE_BY_PK" parameterClass="sysOptLogAlias" >
		update SYS_OPT_LOG
		set 
		LOG_TYPE = #logType#,
		ACCOUNT_ID = #accountId#,
		LOGIN_ID = #loginId#,
		ACCOUNT_TYPE = #accountType#,
		TITLE = #title#,
		CONTENT = #content#,
		LOG_TIME = #logTime#,
		OPT_TYPE = #optType#,
		LOG_LEVEL = #logLevel#,
		OPT_IP = #optIp#,
		CREATE_TIME = #createTime#,
		DELETED = #deleted#,
		MODIFIED_TIME = #now#
		where ID = #id# and MODIFIED_TIME=#modifiedTime#
	</update>
	
	<select id="SELECT_SEQ" resultClass="Long">
		select SEQ_SYS_OPT_LOG.nextval from dual
	</select>
</sqlMap>