<?xml version="1.0" encoding="UTF-8" ?>
<!DOCTYPE sqlMap PUBLIC "-//ibatis.apache.org//DTD SQL Map 2.0//EN" "http://ibatis.apache.org/dtd/sql-map-2.dtd" >
<sqlMap namespace="SYSAREA" >
	<typeAlias alias="sysAreaAlias" type="com.mall.butler.sys.model.SysArea"/>
	<resultMap id="sysAreaResultMap" class="sysAreaAlias" >
    	<result column="ID" property="id"/>
    	<result column="PARENT_ID" property="parentId"/>
    	<result column="AREA_CODE" property="areaCode"/>
    	<result column="AREA_NAME" property="areaName"/>
    	<result column="PY_CODE" property="pyCode"/>
    	<result column="DEF_AREA_CODE" property="defAreaCode"/>
    	<result column="LIST_SORT" property="listSort"/>
    	<result column="REMARK" property="remark"/>
    	<result column="CREATE_TIME" property="createTime"/>
    	<result column="MODIFIED_TIME" property="modifiedTime"/>
    	<result column="DELETED" property="deleted"/>
	</resultMap>
	
	<sql id="ALL_SQL">
		<isNotEmpty prepend="and" property="id" >
			ID = #id#
		</isNotEmpty>
		<isNotEmpty prepend="and" property="parentId" >
			PARENT_ID = #parentId#
		</isNotEmpty>
		<isNotEmpty prepend="and" property="areaCode" >
			AREA_CODE = #areaCode#
		</isNotEmpty>
		<isNotEmpty prepend="and" property="areaName" >
			AREA_NAME = #areaName#
		</isNotEmpty>
		<isNotEmpty prepend="and" property="pyCode" >
			PY_CODE = #pyCode#
		</isNotEmpty>
		<isNotEmpty prepend="and" property="defAreaCode" >
			DEF_AREA_CODE = #defAreaCode#
		</isNotEmpty>
		<isNotEmpty prepend="and" property="listSort" >
			LIST_SORT = #listSort#
		</isNotEmpty>
		<isNotEmpty prepend="and" property="remark" >
			REMARK = #remark#
		</isNotEmpty>
	</sql>
	
	<select id="SELECT_PAGE" parameterClass="java.util.Map" resultMap="sysAreaResultMap">
		select * from SYS_AREA where 1=1 and deleted=0
		<include refid="ALL_SQL"/>
		order by create_time desc
	</select>
	  
	<select id="SELECT_COUNT_PAGE" parameterClass="sysAreaAlias" resultClass="Integer">
		select count(*) as totalCount from SYS_AREA where 1=1 and deleted=0
		<include refid="ALL_SQL"/>
	</select>
  
	<select id="SELECT_BY_ALL" resultMap="sysAreaResultMap" parameterClass="sysAreaAlias">
  	select * from SYS_AREA
	where deleted=0
		<include refid="ALL_SQL"/>
		order by create_time desc
	</select>
	
	<select id="SELECT_BY_PK" resultMap="sysAreaResultMap" parameterClass="sysAreaAlias" >
		select *
		from SYS_AREA
		where ID = #id#
	</select>
	
	<delete id="DELETE_BY_PK" parameterClass="sysAreaAlias" >
		delete from SYS_AREA
		where ID = #id# and MODIFIED_TIME=#modifiedTime#
	</delete>
	
	<insert id="INSERT" parameterClass="sysAreaAlias" >
		insert into SYS_AREA
		<dynamic prepend="(" >
			<isNotNull prepend="," property="id" >
				ID
			</isNotNull>
			<isNotNull prepend="," property="parentId" >
				PARENT_ID
			</isNotNull>
			<isNotNull prepend="," property="areaCode" >
				AREA_CODE
			</isNotNull>
			<isNotNull prepend="," property="areaName" >
				AREA_NAME
			</isNotNull>
			<isNotNull prepend="," property="pyCode" >
				PY_CODE
			</isNotNull>
			<isNotNull prepend="," property="defAreaCode" >
				DEF_AREA_CODE
			</isNotNull>
			<isNotNull prepend="," property="listSort" >
				LIST_SORT
			</isNotNull>
			<isNotNull prepend="," property="remark" >
				REMARK
			</isNotNull>
			<isNotNull prepend="," property="createTime" >
				CREATE_TIME
			</isNotNull>
			<isNotNull prepend="," property="modifiedTime" >
				MODIFIED_TIME
			</isNotNull>
			<isNotNull prepend="," property="deleted" >
				DELETED
			</isNotNull>
			)
		</dynamic>
		values
		<dynamic prepend="(">
			<isNotNull prepend="," property="id" >
				#id#
			</isNotNull>
			<isNotNull prepend="," property="parentId" >
				#parentId#
			</isNotNull>
			<isNotNull prepend="," property="areaCode" >
				#areaCode#
			</isNotNull>
			<isNotNull prepend="," property="areaName" >
				#areaName#
			</isNotNull>
			<isNotNull prepend="," property="pyCode" >
				#pyCode#
			</isNotNull>
			<isNotNull prepend="," property="defAreaCode" >
				#defAreaCode#
			</isNotNull>
			<isNotNull prepend="," property="listSort" >
				#listSort#
			</isNotNull>
			<isNotNull prepend="," property="remark" >
				#remark#
			</isNotNull>
			<isNotNull prepend="," property="createTime" >
				#createTime#
			</isNotNull>
			<isNotNull prepend="," property="modifiedTime" >
				#modifiedTime#
			</isNotNull>
			<isNotNull prepend="," property="deleted" >
				#deleted#
			</isNotNull>
			)
		</dynamic>
	</insert>
	
	<update id="UPDATE_BY_PK" parameterClass="sysAreaAlias" >
		update SYS_AREA
		set 
		PARENT_ID = #parentId#,
		AREA_CODE = #areaCode#,
		AREA_NAME = #areaName#,
		PY_CODE = #pyCode#,
		DEF_AREA_CODE = #defAreaCode#,
		LIST_SORT = #listSort#,
		REMARK = #remark#,
		CREATE_TIME = #createTime#,
		DELETED = #deleted#,
		MODIFIED_TIME = #now#
		where ID = #id# and MODIFIED_TIME=#modifiedTime#
	</update>
	
	<select id="SELECT_SEQ" resultClass="Long">
		select SEQ_SYS_AREA.nextval from dual
	</select>
</sqlMap>