<?xml version="1.0" encoding="UTF-8" ?>
<!DOCTYPE sqlMap PUBLIC "-//ibatis.apache.org//DTD SQL Map 2.0//EN" "http://ibatis.apache.org/dtd/sql-map-2.dtd" >
<sqlMap namespace="PAGEAREADETAIL" >
	<typeAlias alias="pageAreaDetailAlias" type="com.mall.butler.web.model.PageAreaDetail"/>
	<resultMap id="pageAreaDetailResultMap" class="pageAreaDetailAlias" >
    	<result column="ID" property="id"/>
    	<result column="TITLE" property="title"/>
    	<result column="AREA_ID" property="areaId"/>
    	<result column="AREA_NAME" property="areaName"/>
    	<result column="SHOW_URL" property="showUrl"/>
    	<result column="INFO_URL" property="infoUrl"/>
    	<result column="INFO" property="info"/>
    	<result column="ORDERID" property="orderid"/>
    	<result column="TARGET_FLAG" property="targetFlag"/>
    	<result column="CREATE_TIME" property="createTime"/>
    	<result column="MODIFIED_TIME" property="modifiedTime"/>
    	<result column="DELETED" property="deleted"/>
	</resultMap>
	
	<sql id="ALL_SQL">
		<isNotEmpty prepend="and" property="title" >
			TITLE like #title#
		</isNotEmpty>
		<isNotEmpty prepend="and" property="areaId" >
			AREA_ID = #areaId#
		</isNotEmpty>
		<isNotEmpty prepend="and" property="areaName" >
			AREA_NAME like #areaName#
		</isNotEmpty>
		<isNotEmpty prepend="and" property="showUrl" >
			SHOW_URL = #showUrl#
		</isNotEmpty>
		<isNotEmpty prepend="and" property="infoUrl" >
			INFO_URL = #infoUrl#
		</isNotEmpty>
		<isNotEmpty prepend="and" property="info" >
			INFO = #info#
		</isNotEmpty>
		<isNotEmpty prepend="and" property="orderid" >
			ORDERID = #orderid#
		</isNotEmpty>
		<isNotEmpty prepend="and" property="targetFlag" >
			TARGET_FLAG = #targetFlag#
		</isNotEmpty>
	</sql>
	
	<select id="SELECT_PAGE" parameterClass="java.util.Map" resultMap="pageAreaDetailResultMap">
		select * from PAGE_AREA_DETAIL where 1=1 and deleted=0
		<include refid="ALL_SQL"/>
		order by create_time desc
	</select>
	  
	<select id="SELECT_COUNT_PAGE" parameterClass="pageAreaDetailAlias" resultClass="Integer">
		select count(*) as totalCount from PAGE_AREA_DETAIL where 1=1 and deleted=0
		<include refid="ALL_SQL"/>
	</select>
  
	<select id="SELECT_BY_ALL" resultMap="pageAreaDetailResultMap" parameterClass="pageAreaDetailAlias">
  	select * from PAGE_AREA_DETAIL
	where deleted=0
		<include refid="ALL_SQL"/>
		order by create_time desc
	</select>
	
	<select id="SELECT_BY_PK" resultMap="pageAreaDetailResultMap" parameterClass="pageAreaDetailAlias" >
		select *
		from PAGE_AREA_DETAIL
		where ID = #id#
	</select>
	
	<delete id="DELETE_BY_PK" parameterClass="pageAreaDetailAlias" >
		delete from PAGE_AREA_DETAIL
		where ID = #id# and MODIFIED_TIME=#modifiedTime#
	</delete>
	
	<insert id="INSERT" parameterClass="pageAreaDetailAlias" >
		insert into PAGE_AREA_DETAIL
		<dynamic prepend="(" >
			<isNotNull prepend="," property="id" >
				ID
			</isNotNull>
			<isNotNull prepend="," property="title" >
				TITLE
			</isNotNull>
			<isNotNull prepend="," property="areaId" >
				AREA_ID
			</isNotNull>
			<isNotNull prepend="," property="areaName" >
				AREA_NAME
			</isNotNull>
			<isNotNull prepend="," property="showUrl" >
				SHOW_URL
			</isNotNull>
			<isNotNull prepend="," property="infoUrl" >
				INFO_URL
			</isNotNull>
			<isNotNull prepend="," property="info" >
				INFO
			</isNotNull>
			<isNotNull prepend="," property="orderid" >
				ORDERID
			</isNotNull>
			<isNotNull prepend="," property="targetFlag" >
				TARGET_FLAG
			</isNotNull>
			<isNotNull prepend="," property="createTime" >
				CREATE_TIME
			</isNotNull>
			<isNotNull prepend="," property="modifiedTime" >
				MODIFIED_TIME
			</isNotNull>
			<isNotNull prepend="," property="deleted" >
				DELETED
			</isNotNull>
			)
		</dynamic>
		values
		<dynamic prepend="(">
			<isNotNull prepend="," property="id" >
				#id#
			</isNotNull>
			<isNotNull prepend="," property="title" >
				#title#
			</isNotNull>
			<isNotNull prepend="," property="areaId" >
				#areaId#
			</isNotNull>
			<isNotNull prepend="," property="areaName" >
				#areaName#
			</isNotNull>
			<isNotNull prepend="," property="showUrl" >
				#showUrl#
			</isNotNull>
			<isNotNull prepend="," property="infoUrl" >
				#infoUrl#
			</isNotNull>
			<isNotNull prepend="," property="info" >
				#info#
			</isNotNull>
			<isNotNull prepend="," property="orderid" >
				#orderid#
			</isNotNull>
			<isNotNull prepend="," property="targetFlag" >
				#targetFlag#
			</isNotNull>
			<isNotNull prepend="," property="createTime" >
				#createTime#
			</isNotNull>
			<isNotNull prepend="," property="modifiedTime" >
				#modifiedTime#
			</isNotNull>
			<isNotNull prepend="," property="deleted" >
				#deleted#
			</isNotNull>
			)
		</dynamic>
	</insert>
	
	<update id="UPDATE_BY_PK" parameterClass="pageAreaDetailAlias" >
		update PAGE_AREA_DETAIL
		set 
		TITLE = #title#,
		AREA_ID = #areaId#,
		AREA_NAME = #areaName#,
		SHOW_URL = #showUrl#,
		INFO_URL = #infoUrl#,
		INFO = #info#,
		ORDERID = #orderid#,
		TARGET_FLAG = #targetFlag#,
		CREATE_TIME = #createTime#,
		DELETED = #deleted#,
		MODIFIED_TIME = #now#
		where ID = #id# and MODIFIED_TIME=#modifiedTime#
	</update>
	
	<select id="SELECT_SEQ" resultClass="Long">
		select SEQ_PAGE_AREA_DETAIL.nextval from dual
	</select>
</sqlMap>