<?xml version="1.0" encoding="UTF-8" ?>
<!DOCTYPE sqlMap PUBLIC "-//ibatis.apache.org//DTD SQL Map 2.0//EN" "http://ibatis.apache.org/dtd/sql-map-2.dtd" >
<sqlMap namespace="TRANSLOGS" >
	<typeAlias alias="transLogsAlias" type="com.mall.butler.order.model.TransLogs"/>
	<resultMap id="transLogsResultMap" class="transLogsAlias" >
    	<result column="ID" property="id"/>
    	<result column="URL" property="url"/>
    	<result column="QUERY_STR" property="queryStr"/>
    	<result column="FLAG" property="flag"/>
    	<result column="CREATE_TIME" property="createTime"/>
    	<result column="MODIFIED_TIME" property="modifiedTime"/>
    	<result column="DELETED" property="deleted"/>
	</resultMap>
	
	<sql id="ALL_SQL">
		<isNotEmpty prepend="and" property="url" >
			URL = #url#
		</isNotEmpty>
		<isNotEmpty prepend="and" property="queryStr" >
			QUERY_STR = #queryStr#
		</isNotEmpty>
		<isNotEmpty prepend="and" property="flag" >
			FLAG = #flag#
		</isNotEmpty>
	</sql>
	
	<select id="SELECT_PAGE" parameterClass="java.util.Map" resultMap="transLogsResultMap">
		select * from TRANS_LOGS where 1=1 and deleted=0
		<include refid="ALL_SQL"/>
		order by create_time desc
	</select>
	  
	<select id="SELECT_COUNT_PAGE" parameterClass="transLogsAlias" resultClass="Integer">
		select count(*) as totalCount from TRANS_LOGS where 1=1 and deleted=0
		<include refid="ALL_SQL"/>
	</select>
  
	<select id="SELECT_BY_ALL" resultMap="transLogsResultMap" parameterClass="transLogsAlias">
  	select * from TRANS_LOGS
	where deleted=0
		<include refid="ALL_SQL"/>
		order by create_time desc
	</select>
	
	<select id="SELECT_BY_PK" resultMap="transLogsResultMap" parameterClass="transLogsAlias" >
		select *
		from TRANS_LOGS
		where ID = #id#
	</select>
	
	<delete id="DELETE_BY_PK" parameterClass="transLogsAlias" >
		delete from TRANS_LOGS
		where ID = #id# and MODIFIED_TIME=#modifiedTime#
	</delete>
	
	<insert id="INSERT" parameterClass="transLogsAlias" >
		insert into TRANS_LOGS
		<dynamic prepend="(" >
			<isNotNull prepend="," property="id" >
				ID
			</isNotNull>
			<isNotNull prepend="," property="url" >
				URL
			</isNotNull>
			<isNotNull prepend="," property="queryStr" >
				QUERY_STR
			</isNotNull>
			<isNotNull prepend="," property="flag" >
				FLAG
			</isNotNull>
			<isNotNull prepend="," property="createTime" >
				CREATE_TIME
			</isNotNull>
			<isNotNull prepend="," property="modifiedTime" >
				MODIFIED_TIME
			</isNotNull>
			<isNotNull prepend="," property="deleted" >
				DELETED
			</isNotNull>
			)
		</dynamic>
		values
		<dynamic prepend="(">
			<isNotNull prepend="," property="id" >
				#id#
			</isNotNull>
			<isNotNull prepend="," property="url" >
				#url#
			</isNotNull>
			<isNotNull prepend="," property="queryStr" >
				#queryStr#
			</isNotNull>
			<isNotNull prepend="," property="flag" >
				#flag#
			</isNotNull>
			<isNotNull prepend="," property="createTime" >
				#createTime#
			</isNotNull>
			<isNotNull prepend="," property="modifiedTime" >
				#modifiedTime#
			</isNotNull>
			<isNotNull prepend="," property="deleted" >
				#deleted#
			</isNotNull>
			)
		</dynamic>
	</insert>
	
	<update id="UPDATE_BY_PK" parameterClass="transLogsAlias" >
		update TRANS_LOGS
		set 
		URL = #url#,
		QUERY_STR = #queryStr#,
		FLAG = #flag#,
		CREATE_TIME = #createTime#,
		DELETED = #deleted#,
		MODIFIED_TIME = #now#
		where ID = #id# and MODIFIED_TIME=#modifiedTime#
	</update>
	
	<select id="SELECT_SEQ" resultClass="Long">
		select SEQ_TRANS_LOGS.nextval from dual
	</select>
</sqlMap>