<?xml version="1.0" encoding="UTF-8" ?>
<!DOCTYPE sqlMap PUBLIC "-//ibatis.apache.org//DTD SQL Map 2.0//EN" "http://ibatis.apache.org/dtd/sql-map-2.dtd" >
<sqlMap namespace="GOODSSTOCK" >
	<typeAlias alias="goodsStockAlias" type="com.mall.butler.store.model.GoodsStock"/>
	<resultMap id="goodsStockResultMap" class="goodsStockAlias" >
    	<result column="ID" property="id"/>
    	<result column="GOODS_ID" property="goodsId"/>
    	<result column="GOODS_NAME" property="goodsName"/>
    	<result column="TOTAL_NUM" property="totalNum"/>
    	<result column="NUM" property="num"/>
    	<result column="LOGIN_ID" property="loginId"/>
    	<result column="LOGIN_NAME" property="loginName"/>
    	<result column="CREATE_TIME" property="createTime"/>
    	<result column="MODIFIED_TIME" property="modifiedTime"/>
    	<result column="DELETED" property="deleted"/>
	</resultMap>
	
	<sql id="ALL_SQL">
		<isNotEmpty prepend="and" property="goodsId" >
			GOODS_ID = #goodsId#
		</isNotEmpty>
		<isNotEmpty prepend="and" property="goodsName" >
			GOODS_NAME = #goodsName#
		</isNotEmpty>
		<isNotEmpty prepend="and" property="totalNum" >
			TOTAL_NUM = #totalNum#
		</isNotEmpty>
		<isNotEmpty prepend="and" property="num" >
			NUM = #num#
		</isNotEmpty>
		<isNotEmpty prepend="and" property="loginId" >
			LOGIN_ID = #loginId#
		</isNotEmpty>
		<isNotEmpty prepend="and" property="loginName" >
			LOGIN_NAME = #loginName#
		</isNotEmpty>
	</sql>
	
	<select id="SELECT_PAGE" parameterClass="java.util.Map" resultMap="goodsStockResultMap">
		select * from GOODS_STOCK where 1=1 and deleted=0
		<include refid="ALL_SQL"/>
		order by create_time desc
	</select>
	  
	<select id="SELECT_COUNT_PAGE" parameterClass="goodsStockAlias" resultClass="Integer">
		select count(*) as totalCount from GOODS_STOCK where 1=1 and deleted=0
		<include refid="ALL_SQL"/>
	</select>
  
	<select id="SELECT_BY_ALL" resultMap="goodsStockResultMap" parameterClass="goodsStockAlias">
  	select * from GOODS_STOCK
	where deleted=0
		<include refid="ALL_SQL"/>
		order by create_time desc
	</select>
	
	<select id="SELECT_BY_PK" resultMap="goodsStockResultMap" parameterClass="goodsStockAlias" >
		select *
		from GOODS_STOCK
		where ID = #id#
	</select>
	
	<delete id="DELETED_BY_PK" parameterClass="goodsStockAlias" >
		delete from GOODS_STOCK
		where ID = #id# and MODIFIED_TIME=#modifiedTime#
	</delete>
	
	<insert id="INSERT" parameterClass="goodsStockAlias" >
		insert into GOODS_STOCK
		<dynamic prepend="(" >
			<isNotNull prepend="," property="id" >
				ID
			</isNotNull>
			<isNotNull prepend="," property="goodsId" >
				GOODS_ID
			</isNotNull>
			<isNotNull prepend="," property="goodsName" >
				GOODS_NAME
			</isNotNull>
			<isNotNull prepend="," property="totalNum" >
				TOTAL_NUM
			</isNotNull>
			<isNotNull prepend="," property="num" >
				NUM
			</isNotNull>
			<isNotNull prepend="," property="loginId" >
				LOGIN_ID
			</isNotNull>
			<isNotNull prepend="," property="loginName" >
				LOGIN_NAME
			</isNotNull>
			<isNotNull prepend="," property="createTime" >
				CREATE_TIME
			</isNotNull>
			<isNotNull prepend="," property="modifiedTime" >
				MODIFIED_TIME
			</isNotNull>
			<isNotNull prepend="," property="deleted" >
				DELETED
			</isNotNull>
			)
		</dynamic>
		values
		<dynamic prepend="(">
			<isNotNull prepend="," property="id" >
				#id#
			</isNotNull>
			<isNotNull prepend="," property="goodsId" >
				#goodsId#
			</isNotNull>
			<isNotNull prepend="," property="goodsName" >
				#goodsName#
			</isNotNull>
			<isNotNull prepend="," property="totalNum" >
				#totalNum#
			</isNotNull>
			<isNotNull prepend="," property="num" >
				#num#
			</isNotNull>
			<isNotNull prepend="," property="loginId" >
				#loginId#
			</isNotNull>
			<isNotNull prepend="," property="loginName" >
				#loginName#
			</isNotNull>
			<isNotNull prepend="," property="createTime" >
				#createTime#
			</isNotNull>
			<isNotNull prepend="," property="modifiedTime" >
				#modifiedTime#
			</isNotNull>
			<isNotNull prepend="," property="deleted" >
				#deleted#
			</isNotNull>
			)
		</dynamic>
	</insert>
	
	<update id="UPDATE_BY_PK" parameterClass="goodsStockAlias" >
		update GOODS_STOCK
		set 
		GOODS_ID = #goodsId#,
		GOODS_NAME = #goodsName#,
		TOTAL_NUM = #totalNum#,
		NUM = #num#,
		LOGIN_ID = #loginId#,
		LOGIN_NAME = #loginName#,
		CREATE_TIME = #createTime#,
		DELETED = #deleted#,
		MODIFIED_TIME = #now#
		where ID = #id# and MODIFIED_TIME=#modifiedTime#
	</update>
	
	<select id="SELECT_SEQ" resultClass="Long">
		select SEQ_GOODS_STOCK.nextval from dual
	</select>
</sqlMap>